{"cameraMode":{"drawMode":0,"name":"Shaded","section":"Shading Mode"},"sceneLighting":false,"audioPlay":false,"sceneViewState":{"m_AlwaysRefresh":false,"showFog":true,"showSkybox":false,"showFlares":true,"showImageEffects":true,"showParticleSystems":true,"showVisualEffectGraphs":true,"m_FxEnabled":true},"in2DMode":false,"pivot":{"x":7.651826858520508,"y":2.9936070442199709,"z":-49.19809341430664},"rotation":{"x":-0.062050893902778628,"y":0.28575223684310915,"z":-0.018555179238319398,"w":-0.9561288952827454},"size":12.12435531616211,"orthographic":false}