{"cameraMode":{"drawMode":0,"name":"Shaded","section":"Shading Mode"},"sceneLighting":false,"audioPlay":false,"sceneViewState":{"m_AlwaysRefresh":false,"showFog":true,"showSkybox":false,"showFlares":true,"showImageEffects":true,"showParticleSystems":true,"showVisualEffectGraphs":true,"m_FxEnabled":true},"in2DMode":false,"pivot":{"x":-48.449317932128909,"y":1.1658257246017457,"z":-0.08723747730255127},"rotation":{"x":-0.1617966890335083,"y":0.43921560049057009,"z":-0.08072452247142792,"w":-0.8800458908081055},"size":1.6347377300262452,"orthographic":false}