{"cameraMode":{"drawMode":0,"name":"Shaded","section":"Shading Mode"},"sceneLighting":false,"audioPlay":false,"sceneViewState":{"m_AlwaysRefresh":false,"showFog":true,"showSkybox":false,"showFlares":true,"showImageEffects":true,"showParticleSystems":true,"showVisualEffectGraphs":true,"m_FxEnabled":true},"in2DMode":false,"pivot":{"x":-50.65829849243164,"y":-0.10637738555669785,"z":-0.08655131608247757},"rotation":{"x":-0.07808145135641098,"y":0.6131772994995117,"z":-0.061104144901037219,"w":-0.7837185263633728},"size":1.744631052017212,"orthographic":false}